"method","bio_relevance","calc_method_cor","outlier_sensitivity","norm_stability","sample_stability"
"ssGSEA",0.909722222222222,0.865594479792648,0.276944460043059,0.750924197247543,0.955941786283891
"GSVA",0.958333333333333,0.831109201944539,0.291769751532025,0.866163402626373,0.981246411483254
"zscore",0.909722222222222,0.824064468199766,0.172637194946635,0.807096691036277,0.982905103668261
"AUCell",0.930555555555556,0.781807556938244,0.214892331284137,0.559911161113056,0.942444976076555
"UCell",0.895833333333333,0.959651856836081,0.189473747131474,0.786815889636516,0.96119298245614
