"method","bio_relevance","calc_method_cor","outlier_sensitivity","norm_stability","sample_stability"
"ssGSEA",0.613793103448276,0.902165925996605,0.118852708486617,0.719359472877217,0.959575757575757
"GSVA",0.61551724137931,0.710405354558787,0.10271683230637,0.816243970291171,0.959030303030303
"zscore",0.605172413793103,0.856269733253559,0.251665565670503,0.731181287389048,0.948
"AUCell",0.508620689655172,0.908616112370354,0.0550318675248962,0.761076355256542,0.934
"UCell",0.491379310344828,0.990930297079544,0.049483502303899,0.829197724613937,0.92969696969697
