"method","bio_relevance","calc_method_cor","outlier_sensitivity","norm_stability","sample_stability"
"ssGSEA",0.709821428571429,0.793670887378246,0.207275759849068,0.616681642932617,0.943913875598086
"GSVA",0.5625,0.736536873851206,0.1320766654846,0.833756755979458,0.967731259968102
"zscore",0.910714285714286,0.793334379294765,0.277541609497601,0.698689701823831,0.945088516746411
"AUCell",0.669642857142857,0.8207751825688,0.143939558537992,0.633755780261567,0.976201754385965
"UCell",0.803571428571429,0.946293570324697,0.163883733840363,0.786644212833302,0.965673843700159
