"method","bio_relevance","calc_method_cor","outlier_sensitivity","norm_stability","sample_stability"
"ssGSEA",0.531862745098039,0.903824868844461,0.249875851937413,0.778679264992544,0.956969696969697
"GSVA",0.485294117647059,0.714298994758128,0.222244229321119,0.839941692781788,0.93769696969697
"zscore",0.536764705882353,0.860050999333802,0.178307268457125,0.807786258335635,0.911090909090909
"AUCell",0.294117647058824,0.852811341554657,0.142827928479436,0.656083479113754,0.90969696969697
"UCell",0.303921568627451,0.978359046255507,0.153207653985612,0.787872886723455,0.92030303030303
