"method","bio_relevance","calc_method_cor","outlier_sensitivity","norm_stability","sample_stability"
"ssGSEA",0.636363636363636,0.882981568712886,0.23645876851718,0.832836775430972,0.527030303030303
"GSVA",0.643939393939394,0.631928166616932,0.229595718474489,0.883888590884986,0.612545454545455
"zscore",0.674242424242424,0.787320826933369,0.215128560387085,0.800670844416943,0.518909090909091
"AUCell",0.613636363636364,0.762863821766587,0.23921125235839,0.646812715493694,0.470484848484848
"UCell",0.606060606060606,0.904242970453275,0.236923973086143,0.80525487320927,0.473333333333333
