{
  "Figure_1": 0.6864062043044203,
  "Figure_2": 0.7758694267153371,
  "Figure_3": 0.8280692037810157,
  "Figure_4": 0.7111588460782987,
  "Figure_5": 0.6227502129401643,
  "Figure_6": 0.8598275525408188,
  "Figure_8": 0.7621496490497922
}