"method","bio_relevance","calc_method_cor","outlier_sensitivity","norm_stability","sample_stability"
"ssGSEA",0.335,0.906754681264909,0.217058756033711,0.776461200837436,0.959636363636364
"GSVA",0.355,0.693717210300932,0.188577911780509,0.880460963294645,0.974909090909091
"zscore",0.335,0.805930483775219,0.163075075134481,0.806732971286852,0.971030303030303
"AUCell",0.33,0.878423937411919,0.192066489726236,0.703901177267555,0.927818181818182
"UCell",0.445,0.970825505822077,0.201301328243171,0.780722988638614,0.91460606060606
