"method","bio_relevance","calc_method_cor","outlier_sensitivity","norm_stability","sample_stability"
"ssGSEA",0.916666666666667,0.805742913000978,0.322892228739003,0.651741202346041,0.747818181818182
"GSVA",0.875,0.769208211143695,0.195472873900293,0.854099462365591,0.793757575757576
"zscore",0.916666666666667,0.812243401759531,0.191293988269795,0.772617302052786,0.758545454545454
"AUCell",0.708333333333333,0.82516926441029,0.307578364900063,0.641906173451451,0.822769936839626
"UCell",0.916666666666667,0.941111082718634,0.236194301735995,0.776517732922736,0.839636363636364
