"method","bio_relevance","calc_method_cor","outlier_sensitivity","norm_stability","sample_stability"
"ssGSEA",0.529017857142857,0.893237280236574,0.114343439044827,0.712313471865281,0.894363636363636
"GSVA",0.462053571428571,0.724524205499405,0.0977652063243751,0.809213728992256,0.916242424242424
"zscore",0.625,0.861866077202935,0.269180637388847,0.737572701779052,0.896121212121212
"AUCell",0.462053571428571,0.899947380589307,0.0696552335979399,0.745249913483182,0.92860606060606
"UCell",0.466517857142857,0.991400902707044,0.0736482864703689,0.822950003027139,0.90830303030303
